<?xml version="1.1" ?>
<settings>
    <global>
        <combatbox>
            <bg>
                <alpha>192</alpha>
                <blue>0</blue>
                <green>0</green>
                <red>0</red>
                <visible>true</visible>
            </bg>
            <flags>
                <bold>false</bold>
                <bottom>false</bottom>
                <draggable>true</draggable>
                <italic>false</italic>
                <right>false</right>
            </flags>
            <padding>5</padding>
            <pos>
                <x>0</x>
                <y>50</y>
            </pos>
            <show>false</show>
            <text>
                <alpha>255</alpha>
                <blue>255</blue>
                <font>Consolas</font>
                <fonts>

                </fonts>
                <green>255</green>
                <red>255</red>
                <size>10</size>
                <stroke>
                    <alpha>-64770</alpha>
                    <blue>0</blue>
                    <green>0</green>
                    <red>0</red>
                    <width>0</width>
                </stroke>
            </text>
        </combatbox>
        <craftbox>
            <bg>
                <alpha>192</alpha>
                <blue>0</blue>
                <green>0</green>
                <red>0</red>
                <visible>true</visible>
            </bg>
            <flags>
                <bold>false</bold>
                <bottom>false</bottom>
                <draggable>true</draggable>
                <italic>false</italic>
                <right>false</right>
            </flags>
            <padding>5</padding>
            <pos>
                <x>500</x>
                <y>50</y>
            </pos>
            <show>true</show>
            <text>
                <alpha>255</alpha>
                <blue>255</blue>
                <font>Consolas</font>
                <fonts>

                </fonts>
                <green>255</green>
                <red>255</red>
                <size>10</size>
                <stroke>
                    <alpha>-64770</alpha>
                    <blue>0</blue>
                    <green>0</green>
                    <red>0</red>
                    <width>0</width>
                </stroke>
            </text>
        </craftbox>
        <magicbox>
            <bg>
                <alpha>192</alpha>
                <blue>0</blue>
                <green>0</green>
                <red>0</red>
                <visible>true</visible>
            </bg>
            <flags>
                <bold>false</bold>
                <bottom>false</bottom>
                <draggable>true</draggable>
                <italic>false</italic>
                <right>false</right>
            </flags>
            <padding>5</padding>
            <pos>
                <x>250</x>
                <y>50</y>
            </pos>
            <show>false</show>
            <text>
                <alpha>255</alpha>
                <blue>255</blue>
                <font>Consolas</font>
                <fonts>

                </fonts>
                <green>255</green>
                <red>255</red>
                <size>10</size>
                <stroke>
                    <alpha>-64770</alpha>
                    <blue>0</blue>
                    <green>0</green>
                    <red>0</red>
                    <width>0</width>
                </stroke>
            </text>
        </magicbox>
        <skills>
            <1>
                <id>1</id>
                <level>0</level>
                <name>Hand-to-Hand</name>
                <short_name>hand_to_hand</short_name>
            </1>
            <10>
                <id>10</id>
                <level>0</level>
                <name>Great Katana</name>
                <short_name>great_katana</short_name>
            </10>
            <11>
                <id>11</id>
                <level>0</level>
                <name>Club</name>
                <short_name>club</short_name>
            </11>
            <12>
                <id>12</id>
                <level>0</level>
                <name>Staff</name>
                <short_name>staff</short_name>
            </12>
            <2>
                <id>2</id>
                <level>0</level>
                <name>Dagger</name>
                <short_name>dagger</short_name>
            </2>
            <25>
                <id>25</id>
                <level>0</level>
                <name>Archery</name>
                <short_name>archery</short_name>
            </25>
            <26>
                <id>26</id>
                <level>0</level>
                <name>Marksmanship</name>
                <short_name>marksmanship</short_name>
            </26>
            <27>
                <id>27</id>
                <level>0</level>
                <name>Throwing</name>
                <short_name>throwing</short_name>
            </27>
            <28>
                <id>28</id>
                <level>0</level>
                <name>Guard</name>
                <short_name>guard</short_name>
            </28>
            <29>
                <id>29</id>
                <level>1</level>
                <name>Evasion</name>
                <short_name>evasion</short_name>
            </29>
            <3>
                <id>3</id>
                <level>0</level>
                <name>Sword</name>
                <short_name>sword</short_name>
            </3>
            <30>
                <id>30</id>
                <level>0</level>
                <name>Shield</name>
                <short_name>shield</short_name>
            </30>
            <31>
                <id>31</id>
                <level>0</level>
                <name>Parrying</name>
                <short_name>parrying</short_name>
            </31>
            <32>
                <id>32</id>
                <level>0</level>
                <name>Divine Magic</name>
                <short_name>divine_magic</short_name>
            </32>
            <33>
                <id>33</id>
                <level>0</level>
                <name>Healing Magic</name>
                <short_name>healing_magic</short_name>
            </33>
            <34>
                <id>34</id>
                <level>0</level>
                <name>Enhancing Magic</name>
                <short_name>enhancing_magic</short_name>
            </34>
            <35>
                <id>35</id>
                <level>0</level>
                <name>Enfeebling Magic</name>
                <short_name>enfeebling_magic</short_name>
            </35>
            <36>
                <id>36</id>
                <level>0</level>
                <name>Elemental Magic</name>
                <short_name>elemental_magic</short_name>
            </36>
            <37>
                <id>37</id>
                <level>0</level>
                <name>Dark Magic</name>
                <short_name>dark_magic</short_name>
            </37>
            <38>
                <id>38</id>
                <level>0</level>
                <name>Summoning Magic</name>
                <short_name>summoning_magic</short_name>
            </38>
            <39>
                <id>39</id>
                <level>0</level>
                <name>Ninjutsu</name>
                <short_name>ninjutsu</short_name>
            </39>
            <4>
                <id>4</id>
                <level>0</level>
                <name>Great Sword</name>
                <short_name>great_sword</short_name>
            </4>
            <40>
                <id>40</id>
                <level>0</level>
                <name>Singing</name>
                <short_name>singing</short_name>
            </40>
            <41>
                <id>41</id>
                <level>0</level>
                <name>Stringed Instrument</name>
                <short_name>stringed_instrument</short_name>
            </41>
            <42>
                <id>42</id>
                <level>0</level>
                <name>Wind Instrument</name>
                <short_name>wind_instrument</short_name>
            </42>
            <43>
                <id>43</id>
                <level>0</level>
                <name>Blue Magic</name>
                <short_name>blue_magic</short_name>
            </43>
            <44>
                <id>44</id>
                <level>0</level>
                <name>Geomancy</name>
                <short_name>geomancy</short_name>
            </44>
            <45>
                <id>45</id>
                <level>0</level>
                <name>Handbell</name>
                <short_name>handbell</short_name>
            </45>
            <48>
                <id>48</id>
                <level>0</level>
                <name>Fishing</name>
                <short_name>fishing</short_name>
            </48>
            <49>
                <id>49</id>
                <level>0</level>
                <name>Woodworking</name>
                <short_name>woodworking</short_name>
            </49>
            <5>
                <id>5</id>
                <level>0</level>
                <name>Axe</name>
                <short_name>axe</short_name>
            </5>
            <50>
                <id>50</id>
                <level>0</level>
                <name>Smithing</name>
                <short_name>smithing</short_name>
            </50>
            <51>
                <id>51</id>
                <level>0</level>
                <name>Goldsmithing</name>
                <short_name>goldsmithing</short_name>
            </51>
            <52>
                <id>52</id>
                <level>0</level>
                <name>Clothcraft</name>
                <short_name>clothcraft</short_name>
            </52>
            <53>
                <id>53</id>
                <level>0</level>
                <name>Leathercraft</name>
                <short_name>leathercraft</short_name>
            </53>
            <54>
                <id>54</id>
                <level>0</level>
                <name>Bonecraft</name>
                <short_name>bonecraft</short_name>
            </54>
            <55>
                <id>55</id>
                <level>0</level>
                <name>Alchemy</name>
                <short_name>alchemy</short_name>
            </55>
            <56>
                <id>56</id>
                <level>0</level>
                <name>Cooking</name>
                <short_name>cooking</short_name>
            </56>
            <57>
                <id>57</id>
                <level>0</level>
                <name>Synergy</name>
                <short_name>synergy</short_name>
            </57>
            <6>
                <id>6</id>
                <level>0</level>
                <name>Great Axe</name>
                <short_name>great_axe</short_name>
            </6>
            <7>
                <id>7</id>
                <level>0</level>
                <name>Scythe</name>
                <short_name>scythe</short_name>
            </7>
            <8>
                <id>8</id>
                <level>0</level>
                <name>Polearm</name>
                <short_name>polearm</short_name>
            </8>
            <9>
                <id>9</id>
                <level>0</level>
                <name>Katana</name>
                <short_name>katana</short_name>
            </9>
        </skills>
    </global>
</settings>
