<?xml version="1.1" ?>
<settings>
    <global>
        <bad_breath>
            <1>silence</1>
            <2>blindness</2>
            <3>paralysis</3>
            <4>poison</4>
        </bad_breath>
        <black_cloud>
            <1>blindness</1>
        </black_cloud>
        <calcifying_claw>
            <1>petrification</1>
        </calcifying_claw>
        <crepuscule_blade>
            <1>curse</1>
            <2>bio</2>
            <3>blindness</3>
        </crepuscule_blade>
        <crippling_slam>
            <1>paralysis</1>
        </crippling_slam>
        <deadening_haze>
            <1>silence</1>
        </deadening_haze>
        <foul_waters>
            <1>weight</1>
        </foul_waters>
        <frigid_shuffle>
            <1>paralysis</1>
        </frigid_shuffle>
        <hane_fubuki>
            <1>poison</1>
        </hane_fubuki>
        <horror_cloud>
            <1>slow</1>
        </horror_cloud>
        <mandible_massacre>
            <1>paralysis</1>
            <2>doom</2>
        </mandible_massacre>
        <pestilent_plume>
            <1>plague</1>
            <2>blindness</2>
            <3>Magic Def. Down</3>
        </pestilent_plume>
        <poison_breath>
            <1>poison</1>
        </poison_breath>
        <tsujikaze>
            <1>silence</1>
            <2>Defense Down</2>
            <3>Magic Def. Down</3>
        </tsujikaze>
        <wings_of_agony>
            <1>sleep</1>
        </wings_of_agony>
        <wings_of_woe>
            <1>silence</1>
        </wings_of_woe>
        <yawn>
            <1>sleep</1>
        </yawn>
    </global>
</settings>
