<?xml version="1.1" ?>
<settings>
    <global>
        <buffs>
            <afflatus_solace>0</afflatus_solace>
            <composure>0</composure>
            <haste>1</haste>
            <refresh>1</refresh>
            <reraise>2</reraise>
        </buffs>
        <default>5</default>
        <jobs>
            <blm>2</blm>
            <blu>2</blu>
            <brd>4</brd>
            <bst>3</bst>
            <cor>3</cor>
            <dnc>3</dnc>
            <drg>2</drg>
            <drk>2</drk>
            <geo>3</geo>
            <mnk>1</mnk>
            <nin>1</nin>
            <pld>1</pld>
            <pup>2</pup>
            <rdm>4</rdm>
            <rng>3</rng>
            <run>1</run>
            <sam>2</sam>
            <sch>2</sch>
            <smn>3</smn>
            <thf>2</thf>
            <war>2</war>
            <whm>4</whm>
        </jobs>
        <players>
            <lorand>1</lorand>
        </players>
        <status_removal>
            <addle>2</addle>
            <attack_down>3</attack_down>
            <bind>4</bind>
            <bio>3</bio>
            <blind>4</blind>
            <curse>2</curse>
            <disease>4</disease>
            <doom>0</doom>
            <elegy>1</elegy>
            <paralysis>1</paralysis>
            <petrification>0</petrification>
            <plague>4</plague>
            <poison>4</poison>
            <silence>1</silence>
            <slow>1</slow>
            <weight>4</weight>
        </status_removal>
    </global>
</settings>
