[{"PlayerName":"Tako\u0000\u0000\u0000\u0000\u0000\u0000\u0000\u0000\u0000\u0000\u0000\u0000Gïþ","PlayerFlag":0,"PlayerStatus":0,"PlayerHidePC":false,"PlayerHideNPC":false,"PlayerSpeedEnabled":false,"PlayerSpeedAutoDisableEnabled":false,"PlayerEnableBound":false,"PlayerEnableFlee":false,"PlayerEnableChocobo":false,"PlayerSpeedAmount":0,"PlayerSpeedDisableAmount":0,"PlayerJA0WaitEnabled":false,"PlayerPositionMovementAmount":3,"PlayerHidePCExclusions":[],"PlayerHideNPCExclusions":[],"PlayerSpeedExclusions":[]},{"PlayerName":"Merked","PlayerFlag":32,"PlayerStatus":0,"PlayerHidePC":false,"PlayerHideNPC":false,"PlayerSpeedEnabled":true,"PlayerSpeedAutoDisableEnabled":true,"PlayerEnableBound":false,"PlayerEnableFlee":false,"PlayerEnableChocobo":false,"PlayerSpeedAmount":700,"PlayerSpeedDisableAmount":37.5,"PlayerJA0WaitEnabled":true,"PlayerPositionMovementAmount":3,"PlayerHidePCExclusions":[],"PlayerHideNPCExclusions":[],"PlayerSpeedExclusions":["Tako","Project"]},{"PlayerName":"Suterusu","PlayerFlag":32,"PlayerStatus":0,"PlayerHidePC":false,"PlayerHideNPC":false,"PlayerSpeedEnabled":true,"PlayerSpeedAutoDisableEnabled":true,"PlayerEnableBound":false,"PlayerEnableFlee":false,"PlayerEnableChocobo":false,"PlayerSpeedAmount":700,"PlayerSpeedDisableAmount":0,"PlayerJA0WaitEnabled":true,"PlayerPositionMovementAmount":3,"PlayerHidePCExclusions":[],"PlayerHideNPCExclusions":[],"PlayerSpeedExclusions":["Reyu","Salmon","Project","Tako","Atticusu","Merked","Confi"]},{"PlayerName":"Takutu","PlayerFlag":32,"PlayerStatus":0,"PlayerHidePC":false,"PlayerHideNPC":false,"PlayerSpeedEnabled":true,"PlayerSpeedAutoDisableEnabled":false,"PlayerEnableBound":false,"PlayerEnableFlee":false,"PlayerEnableChocobo":false,"PlayerSpeedAmount":37.5,"PlayerSpeedDisableAmount":0,"PlayerJA0WaitEnabled":true,"PlayerPositionMovementAmount":3,"PlayerHidePCExclusions":[],"PlayerHideNPCExclusions":[],"PlayerSpeedExclusions":[]},{"PlayerName":"Kiwiwi","PlayerFlag":32,"PlayerStatus":0,"PlayerHidePC":false,"PlayerHideNPC":false,"PlayerSpeedEnabled":true,"PlayerSpeedAutoDisableEnabled":false,"PlayerEnableBound":false,"PlayerEnableFlee":false,"PlayerEnableChocobo":false,"PlayerSpeedAmount":25,"PlayerSpeedDisableAmount":0,"PlayerJA0WaitEnabled":true,"PlayerPositionMovementAmount":3,"PlayerHidePCExclusions":[],"PlayerHideNPCExclusions":[],"PlayerSpeedExclusions":[]},{"PlayerName":"Project","PlayerFlag":32,"PlayerStatus":0,"PlayerHidePC":false,"PlayerHideNPC":false,"PlayerSpeedEnabled":true,"PlayerSpeedAutoDisableEnabled":false,"PlayerEnableBound":false,"PlayerEnableFlee":false,"PlayerEnableChocobo":false,"PlayerSpeedAmount":25,"PlayerSpeedDisableAmount":0,"PlayerJA0WaitEnabled":true,"PlayerPositionMovementAmount":3,"PlayerHidePCExclusions":[],"PlayerHideNPCExclusions":[],"PlayerSpeedExclusions":["Tako","Merked","Atticusu","Salmon","Reyu","Suterusu"]},{"PlayerName":"Tako","PlayerFlag":32,"PlayerStatus":0,"PlayerHidePC":false,"PlayerHideNPC":false,"PlayerSpeedEnabled":true,"PlayerSpeedAutoDisableEnabled":false,"PlayerEnableBound":false,"PlayerEnableFlee":false,"PlayerEnableChocobo":false,"PlayerSpeedAmount":25,"PlayerSpeedDisableAmount":0,"PlayerJA0WaitEnabled":true,"PlayerPositionMovementAmount":3,"PlayerHidePCExclusions":[],"PlayerHideNPCExclusions":[],"PlayerSpeedExclusions":["Project","Merked","Reyu","Salmon","Suterusu","Confi"]},{"PlayerName":"Doroti","PlayerFlag":0,"PlayerStatus":0,"PlayerHidePC":false,"PlayerHideNPC":false,"PlayerSpeedEnabled":false,"PlayerSpeedAutoDisableEnabled":false,"PlayerEnableBound":false,"PlayerEnableFlee":false,"PlayerEnableChocobo":false,"PlayerSpeedAmount":0,"PlayerSpeedDisableAmount":0,"PlayerJA0WaitEnabled":false,"PlayerPositionMovementAmount":3,"PlayerHidePCExclusions":[],"PlayerHideNPCExclusions":[],"PlayerSpeedExclusions":[]},{"PlayerName":"Redcurrybun","PlayerFlag":0,"PlayerStatus":0,"PlayerHidePC":false,"PlayerHideNPC":false,"PlayerSpeedEnabled":false,"PlayerSpeedAutoDisableEnabled":false,"PlayerEnableBound":false,"PlayerEnableFlee":false,"PlayerEnableChocobo":false,"PlayerSpeedAmount":0,"PlayerSpeedDisableAmount":0,"PlayerJA0WaitEnabled":false,"PlayerPositionMovementAmount":3,"PlayerHidePCExclusions":[],"PlayerHideNPCExclusions":[],"PlayerSpeedExclusions":[]},{"PlayerName":"Brrrr","PlayerFlag":0,"PlayerStatus":0,"PlayerHidePC":false,"PlayerHideNPC":false,"PlayerSpeedEnabled":false,"PlayerSpeedAutoDisableEnabled":false,"PlayerEnableBound":false,"PlayerEnableFlee":false,"PlayerEnableChocobo":false,"PlayerSpeedAmount":0,"PlayerSpeedDisableAmount":0,"PlayerJA0WaitEnabled":false,"PlayerPositionMovementAmount":3,"PlayerHidePCExclusions":[],"PlayerHideNPCExclusions":[],"PlayerSpeedExclusions":[]},{"PlayerName":"Lyger","PlayerFlag":0,"PlayerStatus":0,"PlayerHidePC":false,"PlayerHideNPC":false,"PlayerSpeedEnabled":true,"PlayerSpeedAutoDisableEnabled":true,"PlayerEnableBound":false,"PlayerEnableFlee":false,"PlayerEnableChocobo":false,"PlayerSpeedAmount":62.5,"PlayerSpeedDisableAmount":25,"PlayerJA0WaitEnabled":false,"PlayerPositionMovementAmount":3,"PlayerHidePCExclusions":[],"PlayerHideNPCExclusions":[],"PlayerSpeedExclusions":[]},{"PlayerName":"Rheita","PlayerFlag":0,"PlayerStatus":0,"PlayerHidePC":false,"PlayerHideNPC":false,"PlayerSpeedEnabled":false,"PlayerSpeedAutoDisableEnabled":false,"PlayerEnableBound":false,"PlayerEnableFlee":false,"PlayerEnableChocobo":false,"PlayerSpeedAmount":0,"PlayerSpeedDisableAmount":0,"PlayerJA0WaitEnabled":false,"PlayerPositionMovementAmount":3,"PlayerHidePCExclusions":[],"PlayerHideNPCExclusions":[],"PlayerSpeedExclusions":[]},{"PlayerName":"Zadora","PlayerFlag":0,"PlayerStatus":0,"PlayerHidePC":false,"PlayerHideNPC":false,"PlayerSpeedEnabled":false,"PlayerSpeedAutoDisableEnabled":false,"PlayerEnableBound":false,"PlayerEnableFlee":false,"PlayerEnableChocobo":false,"PlayerSpeedAmount":0,"PlayerSpeedDisableAmount":0,"PlayerJA0WaitEnabled":false,"PlayerPositionMovementAmount":3,"PlayerHidePCExclusions":[],"PlayerHideNPCExclusions":[],"PlayerSpeedExclusions":[]},{"PlayerName":"Lygre","PlayerFlag":0,"PlayerStatus":0,"PlayerHidePC":false,"PlayerHideNPC":false,"PlayerSpeedEnabled":true,"PlayerSpeedAutoDisableEnabled":false,"PlayerEnableBound":false,"PlayerEnableFlee":false,"PlayerEnableChocobo":false,"PlayerSpeedAmount":137.5,"PlayerSpeedDisableAmount":25,"PlayerJA0WaitEnabled":false,"PlayerPositionMovementAmount":3,"PlayerHidePCExclusions":[],"PlayerHideNPCExclusions":[],"PlayerSpeedExclusions":[""]}]